{
  "Working Directory" : "\/Users\/im",
  "Prompt Before Closing 2" : false,
  "Selected Text Color" : {
    "Green Component" : 0.97969973087310791,
    "Blue Component" : 0.56859564781188965,
    "Red Component" : 0.45111823081970215
  },
  "Rows" : 25,
  "Ansi 11 Color" : {
    "Green Component" : 0.87965387105941772,
    "Blue Component" : 0.00071674532955512404,
    "Red Component" : 0.74222016334533691
  },
  "Use Italic Font" : true,
  "HotKey Characters" : "",
  "Foreground Color" : {
    "Green Component" : 0.49058133363723755,
    "Blue Component" : 0.4589446485042572,
    "Red Component" : 0.3899540901184082
  },
  "HotKey Window Floats" : false,
  "Right Option Key Sends" : 0,
  "Character Encoding" : 4,
  "Selection Color" : {
    "Green Component" : 0.25330817699432373,
    "Blue Component" : 0.14524808526039124,
    "Red Component" : 0.11556437611579895
  },
  "Blend" : 0.51968327158505156,
  "Mouse Reporting" : true,
  "Ansi 4 Color" : {
    "Green Component" : 0.41409432888031006,
    "Blue Component" : 0.49917763471603394,
    "Red Component" : 0.18512687087059021
  },
  "Non-ASCII Anti Aliased" : true,
  "Sync Title" : false,
  "Disable Window Resizing" : true,
  "Description" : "Default",
  "Close Sessions On End" : true,
  "Jobs to Ignore" : [
    "rlogin",
    "ssh",
    "slogin",
    "telnet"
  ],
  "Scrollback Lines" : 1000,
  "HotKey Window Reopens On Activation" : false,
  "Flashing Bell" : false,
  "Cursor Guide Color" : {
    "Red Component" : 0.70213186740875244,
    "Color Space" : "sRGB",
    "Blue Component" : 1,
    "Alpha Component" : 0.25,
    "Green Component" : 0.9268307089805603
  },
  "BM Growl" : true,
  "Ansi 3 Color" : {
    "Green Component" : 0.49856084585189819,
    "Blue Component" : 0.14027777314186096,
    "Red Component" : 0.44166350364685059
  },
  "Use Non-ASCII Font" : false,
  "Link Color" : {
    "Red Component" : 0,
    "Color Space" : "sRGB",
    "Blue Component" : 0.73423302173614502,
    "Alpha Component" : 1,
    "Green Component" : 0.35916060209274292
  },
  "Shortcut" : "",
  "Background Image Location" : "",
  "Bold Color" : {
    "Green Component" : 0.98039215803146362,
    "Blue Component" : 0.52793002128601074,
    "Red Component" : 0.47750943899154663
  },
  "Unlimited Scrollback" : false,
  "Custom Command" : "No",
  "HotKey Key Code" : 0,
  "Keyboard Map" : {
    "0xf700-0x260000" : {
      "Text" : "[1;6A",
      "Action" : 10
    },
    "0x37-0x40000" : {
      "Text" : "0x1f",
      "Action" : 11
    },
    "0x32-0x40000" : {
      "Text" : "0x00",
      "Action" : 11
    },
    "0xf709-0x20000" : {
      "Text" : "[17;2~",
      "Action" : 10
    },
    "0xf70c-0x20000" : {
      "Text" : "[20;2~",
      "Action" : 10
    },
    "0xf729-0x20000" : {
      "Text" : "[1;2H",
      "Action" : 10
    },
    "0xf72b-0x40000" : {
      "Text" : "[1;5F",
      "Action" : 10
    },
    "0xf705-0x20000" : {
      "Text" : "[1;2Q",
      "Action" : 10
    },
    "0xf703-0x260000" : {
      "Text" : "[1;6C",
      "Action" : 10
    },
    "0xf700-0x220000" : {
      "Text" : "[1;2A",
      "Action" : 10
    },
    "0xf701-0x280000" : {
      "Text" : "0x1b 0x1b 0x5b 0x42",
      "Action" : 11
    },
    "0x38-0x40000" : {
      "Text" : "0x7f",
      "Action" : 11
    },
    "0x33-0x40000" : {
      "Text" : "0x1b",
      "Action" : 11
    },
    "0xf703-0x220000" : {
      "Text" : "[1;2C",
      "Action" : 10
    },
    "0xf701-0x240000" : {
      "Text" : "[1;5B",
      "Action" : 10
    },
    "0xf70d-0x20000" : {
      "Text" : "[21;2~",
      "Action" : 10
    },
    "0xf702-0x260000" : {
      "Text" : "[1;6D",
      "Action" : 10
    },
    "0xf729-0x40000" : {
      "Text" : "[1;5H",
      "Action" : 10
    },
    "0xf706-0x20000" : {
      "Text" : "[1;2R",
      "Action" : 10
    },
    "0x34-0x40000" : {
      "Text" : "0x1c",
      "Action" : 11
    },
    "0xf700-0x280000" : {
      "Text" : "0x1b 0x1b 0x5b 0x41",
      "Action" : 11
    },
    "0x2d-0x40000" : {
      "Text" : "0x1f",
      "Action" : 11
    },
    "0xf70e-0x20000" : {
      "Text" : "[23;2~",
      "Action" : 10
    },
    "0xf702-0x220000" : {
      "Text" : "[1;2D",
      "Action" : 10
    },
    "0xf703-0x280000" : {
      "Text" : "0x1b 0x1b 0x5b 0x43",
      "Action" : 11
    },
    "0xf700-0x240000" : {
      "Text" : "[1;5A",
      "Action" : 10
    },
    "0xf707-0x20000" : {
      "Text" : "[1;2S",
      "Action" : 10
    },
    "0xf70a-0x20000" : {
      "Text" : "[18;2~",
      "Action" : 10
    },
    "0x35-0x40000" : {
      "Text" : "0x1d",
      "Action" : 11
    },
    "0xf70f-0x20000" : {
      "Text" : "[24;2~",
      "Action" : 10
    },
    "0xf703-0x240000" : {
      "Text" : "[1;5C",
      "Action" : 10
    },
    "0xf701-0x260000" : {
      "Text" : "[1;6B",
      "Action" : 10
    },
    "0xf702-0x280000" : {
      "Text" : "0x1b 0x1b 0x5b 0x44",
      "Action" : 11
    },
    "0xf72b-0x20000" : {
      "Text" : "[1;2F",
      "Action" : 10
    },
    "0x36-0x40000" : {
      "Text" : "0x1e",
      "Action" : 11
    },
    "0xf708-0x20000" : {
      "Text" : "[15;2~",
      "Action" : 10
    },
    "0xf701-0x220000" : {
      "Text" : "[1;2B",
      "Action" : 10
    },
    "0xf70b-0x20000" : {
      "Text" : "[19;2~",
      "Action" : 10
    },
    "0xf702-0x240000" : {
      "Text" : "[1;5D",
      "Action" : 10
    },
    "0xf704-0x20000" : {
      "Text" : "[1;2P",
      "Action" : 10
    }
  },
  "Ansi 14 Color" : {
    "Green Component" : 0.87742972373962402,
    "Blue Component" : 0.76850813627243042,
    "Red Component" : 0.00071493309224024415
  },
  "Ansi 2 Color" : {
    "Green Component" : 0.49586945772171021,
    "Blue Component" : 0.14654228091239929,
    "Red Component" : 0.18512442708015442
  },
  "Send Code When Idle" : false,
  "ASCII Anti Aliased" : true,
  "Tags" : [

  ],
  "Ansi 9 Color" : {
    "Green Component" : 0.50299710035324097,
    "Blue Component" : 0.033469859510660172,
    "Red Component" : 0.87685030698776245
  },
  "Use Bold Font" : true,
  "Silence Bell" : false,
  "Ansi 12 Color" : {
    "Green Component" : 0.66586130857467651,
    "Blue Component" : 0.87653261423110962,
    "Red Component" : 0
  },
  "Window Type" : 1,
  "Use Bright Bold" : true,
  "Has Hotkey" : true,
  "HotKey Modifier Activation" : 0,
  "Cursor Text Color" : {
    "Green Component" : 0.088036753237247467,
    "Blue Component" : 0.063514590263366699,
    "Red Component" : 0.057125639170408249
  },
  "HotKey Window Dock Click Action" : 2,
  "Default Bookmark" : "No",
  "Cursor Color" : {
    "Green Component" : 0.97969973087310791,
    "Blue Component" : 0.56859564781188965,
    "Red Component" : 0.45111823081970215
  },
  "Ansi 1 Color" : {
    "Green Component" : 0.16940471529960632,
    "Blue Component" : 0.15177197754383087,
    "Red Component" : 0.4983178973197937
  },
  "Name" : "Default",
  "Blinking Cursor" : true,
  "Guid" : "54CF36D2-6E40-49D9-8983-7346F18CB3E5",
  "Idle Code" : 0,
  "Ansi 10 Color" : {
    "Green Component" : 0.87881278991699219,
    "Blue Component" : 0.00052756658988073468,
    "Red Component" : 0.096005953848361969
  },
  "Ansi 8 Color" : {
    "Green Component" : 0.2821471291866029,
    "Blue Component" : 0.068946248255716866,
    "Red Component" : 0.23631863676322903
  },
  "Badge Color" : {
    "Red Component" : 1,
    "Color Space" : "sRGB",
    "Blue Component" : 0,
    "Alpha Component" : 0.5,
    "Green Component" : 0.1491314172744751
  },
  "Ambiguous Double Width" : false,
  "Cursor Type" : 1,
  "Ansi 0 Color" : {
    "Green Component" : 0.14950284361839294,
    "Blue Component" : 0.085725627839565277,
    "Red Component" : 0.068206258118152618
  },
  "Blur" : false,
  "Normal Font" : "FiraCode-Retina 12",
  "Vertical Spacing" : 1,
  "Ansi 7 Color" : {
    "Green Component" : 0.49051627516746521,
    "Blue Component" : 0.45895043015480042,
    "Red Component" : 0.39374804496765137
  },
  "Space" : 0,
  "HotKey Window AutoHides" : true,